insert into suppliers (supplier_id, supplier_name, contact_phone, supplier_address) values (1, 'Kari Raithmill', '(493) 4327759', '752 Russell Pass');
insert into suppliers (supplier_id, supplier_name, contact_phone, supplier_address) values (2, 'Sterling Mival', '(570) 8676664', '59 Oak Way');
insert into suppliers (supplier_id, supplier_name, contact_phone, supplier_address) values (3, 'Nicol Linzee', '(487) 7893671', '85 Kings Pass');
insert into suppliers (supplier_id, supplier_name, contact_phone, supplier_address) values (4, 'Thatch Jacobowitz', '(587) 9128418', '5283 Wayridge Pass');
insert into suppliers (supplier_id, supplier_name, contact_phone, supplier_address) values (5, 'Trescha Mullen', '(145) 7162008', '3839 Fairfield Road');
insert into suppliers (supplier_id, supplier_name, contact_phone, supplier_address) values (6, 'Thorin Hedgeley', '(721) 4994810', '68304 Westend Alley');
insert into suppliers (supplier_id, supplier_name, contact_phone, supplier_address) values (7, 'Micaela Bernardeschi', '(266) 4788797', '2 Grayhawk Hill');
insert into suppliers (supplier_id, supplier_name, contact_phone, supplier_address) values (8, 'Isabella Minghi', '(304) 7831959', '4 Morningstar Center');
insert into suppliers (supplier_id, supplier_name, contact_phone, supplier_address) values (9, 'Joey McColley', '(501) 8428876', '1 Clove Trail');
insert into suppliers (supplier_id, supplier_name, contact_phone, supplier_address) values (10, 'Dunc Vernau', '(430) 9917814', '3551 Eggendart Terrace');
insert into suppliers (supplier_id, supplier_name, contact_phone, supplier_address) values (11, 'Esteban Giorgietto', '(781) 3680877', '5788 La Follette Circle');
insert into suppliers (supplier_id, supplier_name, contact_phone, supplier_address) values (12, 'Justus Whitfield', '(165) 2848628', '7215 Sachs Place');
insert into suppliers (supplier_id, supplier_name, contact_phone, supplier_address) values (13, 'Alleen Durdan', '(892) 1057465', '0569 Pine View Point');
insert into suppliers (supplier_id, supplier_name, contact_phone, supplier_address) values (14, 'Raymond Sullivan', '(325) 9315907', '08 Ohio Way');
insert into suppliers (supplier_id, supplier_name, contact_phone, supplier_address) values (15, 'Barnabe MacClure', '(281) 2061671', '9630 Dryden Junction');
insert into suppliers (supplier_id, supplier_name, contact_phone, supplier_address) values (16, 'Jaquith MacCumeskey', '(472) 8267888', '09 Pond Trail');
insert into suppliers (supplier_id, supplier_name, contact_phone, supplier_address) values (17, 'Hedda Wallwood', '(521) 8467660', '244 Ridgeview Lane');
insert into suppliers (supplier_id, supplier_name, contact_phone, supplier_address) values (18, 'Benjie Hendrickx', '(172) 8522457', '3402 Fremont Trail');
insert into suppliers (supplier_id, supplier_name, contact_phone, supplier_address) values (19, 'Sheri Morgen', '(552) 1682227', '90 Monica Alley');
insert into suppliers (supplier_id, supplier_name, contact_phone, supplier_address) values (20, 'Tobi Greally', '(984) 2767392', '5667 Ramsey Avenue');

-----------------------------------

insert into medicine (medicine_id, medicine_name, supplier_id, price, expiration_date, quantity_in_stock) values (1, 'Crest Pro-Health', 13, 205, '3/6/2026', 1);
insert into medicine (medicine_id, medicine_name, supplier_id, price, expiration_date, quantity_in_stock) values (2, 'ACETAMINOPHEN AND CODEINE PHOSPHATE', 19, 495, '11/18/2024', 42);
insert into medicine (medicine_id, medicine_name, supplier_id, price, expiration_date, quantity_in_stock) values (3, 'Topcare hemorrhoidal', 20, 186, '2/14/2026', 9);
insert into medicine (medicine_id, medicine_name, supplier_id, price, expiration_date, quantity_in_stock) values (4, 'G9 Moisture CC', 10, 471, '9/1/2026', 19);
insert into medicine (medicine_id, medicine_name, supplier_id, price, expiration_date, quantity_in_stock) values (5, 'Quetiapine fumarate', 1, 355, '12/4/2028', 2);
insert into medicine (medicine_id, medicine_name, supplier_id, price, expiration_date, quantity_in_stock) values (6, 'AMITRIPTYLINE HYDROCHLORIDE', 17, 450, '10/25/2025', 49);
insert into medicine (medicine_id, medicine_name, supplier_id, price, expiration_date, quantity_in_stock) values (7, 'All Natural', 19, 392, '9/16/2024', 39);
insert into medicine (medicine_id, medicine_name, supplier_id, price, expiration_date, quantity_in_stock) values (8, 'Spironolactone', 12, 52, '1/12/2028', 40);
insert into medicine (medicine_id, medicine_name, supplier_id, price, expiration_date, quantity_in_stock) values (9, 'Veti-Foam', 5, 366, '1/7/2028', 48);
insert into medicine (medicine_id, medicine_name, supplier_id, price, expiration_date, quantity_in_stock) values (10, 'Potassium Chloride', 6, 284, '1/19/2025', 49);
insert into medicine (medicine_id, medicine_name, supplier_id, price, expiration_date, quantity_in_stock) values (11, 'Clarithromycin', 12, 212, '8/6/2024', 38);
insert into medicine (medicine_id, medicine_name, supplier_id, price, expiration_date, quantity_in_stock) values (12, 'Pioglitazone', 20, 117, '10/3/2025', 8);
insert into medicine (medicine_id, medicine_name, supplier_id, price, expiration_date, quantity_in_stock) values (13, 'Tranexamic Acid', 18, 195, '12/14/2025', 40);
insert into medicine (medicine_id, medicine_name, supplier_id, price, expiration_date, quantity_in_stock) values (14, 'WYANDOTTE SANIFECT E2', 8, 92, '6/29/2026', 40);
insert into medicine (medicine_id, medicine_name, supplier_id, price, expiration_date, quantity_in_stock) values (15, 'Cholestyramine', 15, 345, '3/13/2024', 40);
insert into medicine (medicine_id, medicine_name, supplier_id, price, expiration_date, quantity_in_stock) values (16, 'THE YEON LOTUS FLOWER BC CUSHION PACT', 20, 278, '10/9/2028', 37);
insert into medicine (medicine_id, medicine_name, supplier_id, price, expiration_date, quantity_in_stock) values (17, 'Herring', 10, 134, '2/7/2026', 36);
insert into medicine (medicine_id, medicine_name, supplier_id, price, expiration_date, quantity_in_stock) values (18, 'ATORVASTATIN CALCIUM', 3, 65, '10/30/2028', 40);
insert into medicine (medicine_id, medicine_name, supplier_id, price, expiration_date, quantity_in_stock) values (19, 'NON ALCOHOL HAND SANITIZER', 17, 484, '10/16/2024', 16);
insert into medicine (medicine_id, medicine_name, supplier_id, price, expiration_date, quantity_in_stock) values (20, 'Cold Multi-Symptom Daytime', 14, 222, '12/2/2026', 39);
insert into medicine (medicine_id, medicine_name, supplier_id, price, expiration_date, quantity_in_stock) values (21, 'Lucky Antibacterial Hand Soap', 15, 106, '5/27/2028', 14);
insert into medicine (medicine_id, medicine_name, supplier_id, price, expiration_date, quantity_in_stock) values (22, 'NuvaRing', 12, 267, '4/7/2025', 34);
insert into medicine (medicine_id, medicine_name, supplier_id, price, expiration_date, quantity_in_stock) values (23, 'up and up childrens ibuprofen', 6, 377, '12/11/2026', 8);
insert into medicine (medicine_id, medicine_name, supplier_id, price, expiration_date, quantity_in_stock) values (24, 'Benicar Hct', 15, 139, '3/27/2028', 46);
insert into medicine (medicine_id, medicine_name, supplier_id, price, expiration_date, quantity_in_stock) values (25, 'Hydroxyzine Pamoate', 7, 199, '1/27/2024', 34);
insert into medicine (medicine_id, medicine_name, supplier_id, price, expiration_date, quantity_in_stock) values (26, 'Folic Acid', 3, 408, '8/18/2026', 45);
insert into medicine (medicine_id, medicine_name, supplier_id, price, expiration_date, quantity_in_stock) values (27, 'Cefprozil', 4, 309, '12/19/2028', 3);
insert into medicine (medicine_id, medicine_name, supplier_id, price, expiration_date, quantity_in_stock) values (28, 'Metoprolol Tartrate', 13, 80, '10/2/2024', 3);
insert into medicine (medicine_id, medicine_name, supplier_id, price, expiration_date, quantity_in_stock) values (29, 'Carbamazepine', 6, 278, '11/22/2027', 42);
insert into medicine (medicine_id, medicine_name, supplier_id, price, expiration_date, quantity_in_stock) values (30, 'Hydrocodone Bitartrate And Acetaminophen', 20, 163, '1/27/2028', 10);
insert into medicine (medicine_id, medicine_name, supplier_id, price, expiration_date, quantity_in_stock) values (31, 'TIZANIDINE HYDROCHLORIDE', 6, 418, '12/1/2025', 28);
insert into medicine (medicine_id, medicine_name, supplier_id, price, expiration_date, quantity_in_stock) values (32, 'Risperidone', 13, 266, '1/18/2024', 43);
insert into medicine (medicine_id, medicine_name, supplier_id, price, expiration_date, quantity_in_stock) values (33, 'VYTORIN', 10, 234, '7/23/2026', 10);
insert into medicine (medicine_id, medicine_name, supplier_id, price, expiration_date, quantity_in_stock) values (34, 'Uniretic', 7, 452, '2/25/2028', 2);
insert into medicine (medicine_id, medicine_name, supplier_id, price, expiration_date, quantity_in_stock) values (35, 'Nettle', 11, 205, '1/20/2028', 27);
insert into medicine (medicine_id, medicine_name, supplier_id, price, expiration_date, quantity_in_stock) values (36, 'Restfully Sleep', 20, 164, '6/8/2028', 11);
insert into medicine (medicine_id, medicine_name, supplier_id, price, expiration_date, quantity_in_stock) values (37, 'Tangerin Whitening Hand', 20, 353, '11/7/2027', 21);
insert into medicine (medicine_id, medicine_name, supplier_id, price, expiration_date, quantity_in_stock) values (38, 'Head and Shoulders', 1, 157, '2/10/2026', 17);
insert into medicine (medicine_id, medicine_name, supplier_id, price, expiration_date, quantity_in_stock) values (39, 'BOBBI BROWN EXTRA', 10, 145, '7/17/2028', 1);
insert into medicine (medicine_id, medicine_name, supplier_id, price, expiration_date, quantity_in_stock) values (40, 'LBEL FILLING EFFECT FOUNDATION SPF 10', 10, 455, '11/26/2027', 3);
insert into medicine (medicine_id, medicine_name, supplier_id, price, expiration_date, quantity_in_stock) values (41, 'Lisinopril', 2, 220, '4/22/2027', 30);
insert into medicine (medicine_id, medicine_name, supplier_id, price, expiration_date, quantity_in_stock) values (42, 'RITUALS broad spectrum SPF 15 sunscreen Sensitive Skin Day', 19, 440, '1/6/2028', 24);
insert into medicine (medicine_id, medicine_name, supplier_id, price, expiration_date, quantity_in_stock) values (43, 'Verapamil Hydrochloride', 10, 163, '8/9/2027', 5);
insert into medicine (medicine_id, medicine_name, supplier_id, price, expiration_date, quantity_in_stock) values (44, 'Dobutamine Hydrochloride in Dextrose', 9, 179, '5/25/2026', 39);
insert into medicine (medicine_id, medicine_name, supplier_id, price, expiration_date, quantity_in_stock) values (45, 'Athletes Foot', 17, 217, '5/4/2024', 40);
insert into medicine (medicine_id, medicine_name, supplier_id, price, expiration_date, quantity_in_stock) values (46, 'Noxzema', 12, 361, '12/8/2025', 10);
insert into medicine (medicine_id, medicine_name, supplier_id, price, expiration_date, quantity_in_stock) values (47, 'Lymphoplex', 16, 386, '8/7/2025', 42);
insert into medicine (medicine_id, medicine_name, supplier_id, price, expiration_date, quantity_in_stock) values (48, 'Miconazole 1', 18, 374, '10/1/2028', 24);
insert into medicine (medicine_id, medicine_name, supplier_id, price, expiration_date, quantity_in_stock) values (49, 'Mammaryplex', 5, 64, '2/16/2026', 23);
insert into medicine (medicine_id, medicine_name, supplier_id, price, expiration_date, quantity_in_stock) values (50, 'Select Brand Burn Relief', 13, 71, '3/19/2028', 22);

------------------------------------

insert into SalesDescription (sale_id, medicine_id, quantity) values (1, 12, 10);
insert into SalesDescription (sale_id, medicine_id, quantity) values (2, 47, 30);
insert into salesDescription (sale_id, medicine_id, quantity) values (3, 2, 47);
insert into salesDescription (sale_id, medicine_id, quantity) values (4, 41, 25);
insert into salesDescription (sale_id, medicine_id, quantity) values (5, 11, 35);
insert into salesDescription (sale_id, medicine_id, quantity) values (6, 15, 44);
insert into salesDescription (sale_id, medicine_id, quantity) values (7, 42, 46);
insert into salesDescription (sale_id, medicine_id, quantity) values (8, 28, 10);
insert into salesDescription (sale_id, medicine_id, quantity) values (9, 24, 44);
insert into salesDescription (sale_id, medicine_id, quantity) values (10, 24, 49);
insert into salesDescription (sale_id, medicine_id, quantity) values (11, 47, 1);
insert into salesDescription (sale_id, medicine_id, quantity) values (12, 19, 3);
insert into salesDescription (sale_id, medicine_id, quantity) values (13, 2, 7);
insert into salesDescription (sale_id, medicine_id, quantity) values (14, 12, 40);
insert into salesDescription (sale_id, medicine_id, quantity) values (15, 46, 39);
insert into salesDescription (sale_id, medicine_id, quantity) values (16, 28, 3);
insert into salesDescription (sale_id, medicine_id, quantity) values (17, 48, 14);
insert into salesDescription (sale_id, medicine_id, quantity) values (18, 15, 1);
insert into salesDescription (sale_id, medicine_id, quantity) values (19, 29, 32);
insert into salesDescription (sale_id, medicine_id, quantity) values (20, 15, 12);
insert into salesDescription (sale_id, medicine_id, quantity) values (21, 36, 43);
insert into salesDescription (sale_id, medicine_id, quantity) values (22, 29, 21);
insert into salesDescription (sale_id, medicine_id, quantity) values (23, 7, 35);
insert into salesDescription (sale_id, medicine_id, quantity) values (24, 21, 31);
insert into salesDescription (sale_id, medicine_id, quantity) values (25, 11, 3);
insert into salesDescription (sale_id, medicine_id, quantity) values (26, 40, 10);
insert into salesDescription (sale_id, medicine_id, quantity) values (27, 11, 24);
insert into salesDescription (sale_id, medicine_id, quantity) values (28, 46, 29);
insert into salesDescription (sale_id, medicine_id, quantity) values (29, 12, 47);
insert into salesDescription (sale_id, medicine_id, quantity) values (30, 39, 4);
insert into salesDescription (sale_id, medicine_id, quantity) values (31, 48, 44);
insert into salesDescription (sale_id, medicine_id, quantity) values (32, 47, 11);
insert into salesDescription (sale_id, medicine_id, quantity) values (33, 22, 18);
insert into salesDescription (sale_id, medicine_id, quantity) values (34, 30, 18);
insert into salesDescription (sale_id, medicine_id, quantity) values (35, 28, 6);
insert into salesDescription (sale_id, medicine_id, quantity) values (36, 27, 19);
insert into salesDescription (sale_id, medicine_id, quantity) values (37, 5, 39);
insert into salesDescription (sale_id, medicine_id, quantity) values (38, 35, 5);
insert into salesDescription (sale_id, medicine_id, quantity) values (39, 35, 20);
insert into salesDescription (sale_id, medicine_id, quantity) values (40, 42, 5);
insert into salesDescription (sale_id, medicine_id, quantity) values (41, 28, 38);
insert into salesDescription (sale_id, medicine_id, quantity) values (42, 25, 46);
insert into salesDescription (sale_id, medicine_id, quantity) values (43, 13, 37);
insert into salesDescription (sale_id, medicine_id, quantity) values (44, 21, 38);
insert into salesDescription (sale_id, medicine_id, quantity) values (45, 32, 7);
insert into salesDescription (sale_id, medicine_id, quantity) values (46, 10, 48);
insert into salesDescription (sale_id, medicine_id, quantity) values (47, 38, 12);
insert into salesDescription (sale_id, medicine_id, quantity) values (48, 6, 39);
insert into salesDescription (sale_id, medicine_id, quantity) values (49, 23, 36);
insert into salesDescription (sale_id, medicine_id, quantity) values (50, 18, 5);

----------------------

insert into sales (sale_id, customer_id, sale_date, employee_id) values (1, 1, '5/2/2024', 68);
insert into sales (sale_id, customer_id, sale_date, employee_id) values (2, 50, '4/10/2023', 84);
insert into sales (sale_id, customer_id, sale_date, employee_id) values (3, 32, '3/19/2023', 77);
insert into sales (sale_id, customer_id, sale_date, employee_id) values (4, 28, '2/10/2024', 97);
insert into sales (sale_id, customer_id, sale_date, employee_id) values (5, 48, '9/4/2023', 73);
insert into sales (sale_id, customer_id, sale_date, employee_id) values (6, 19, '1/31/2024', 16);
insert into sales (sale_id, customer_id, sale_date, employee_id) values (7, 6, '1/5/2024', 94);
insert into sales (sale_id, customer_id, sale_date, employee_id) values (8, 30, '3/9/2023', 52);
insert into sales (sale_id, customer_id, sale_date, employee_id) values (9, 7, '5/13/2023', 97);
insert into sales (sale_id, customer_id, sale_date, employee_id) values (10, 39, '10/10/2023', 63);
insert into sales (sale_id, customer_id, sale_date, employee_id) values (11, 3, '3/6/2024', 2);
insert into sales (sale_id, customer_id, sale_date, employee_id) values (12, 33, '6/23/2024', 100);
insert into sales (sale_id, customer_id, sale_date, employee_id) values (13, 50, '6/12/2023', 98);
insert into sales (sale_id, customer_id, sale_date, employee_id) values (14, 29, '8/30/2024', 10);
insert into sales (sale_id, customer_id, sale_date, employee_id) values (15, 28, '2/13/2024', 92);
insert into sales (sale_id, customer_id, sale_date, employee_id) values (16, 12, '1/7/2023', 86);
insert into sales (sale_id, customer_id, sale_date, employee_id) values (17, 21, '7/31/2023', 23);
insert into sales (sale_id, customer_id, sale_date, employee_id) values (18, 29, '7/23/2023', 55);
insert into sales (sale_id, customer_id, sale_date, employee_id) values (19, 15, '6/11/2024', 94);
insert into sales (sale_id, customer_id, sale_date, employee_id) values (20, 27, '4/26/2023', 51);
insert into sales (sale_id, customer_id, sale_date, employee_id) values (21, 22, '8/3/2023', 40);
insert into sales (sale_id, customer_id, sale_date, employee_id) values (22, 37, '5/28/2023', 87);
insert into sales (sale_id, customer_id, sale_date, employee_id) values (23, 4, '7/6/2023', 100);
insert into sales (sale_id, customer_id, sale_date, employee_id) values (24, 35, '8/6/2023', 5);
insert into sales (sale_id, customer_id, sale_date, employee_id) values (25, 19, '10/4/2023', 15);
insert into sales (sale_id, customer_id, sale_date, employee_id) values (26, 18, '10/20/2023', 99);
insert into sales (sale_id, customer_id, sale_date, employee_id) values (27, 15, '8/16/2024', 50);
insert into sales (sale_id, customer_id, sale_date, employee_id) values (28, 31, '1/30/2024', 36);
insert into sales (sale_id, customer_id, sale_date, employee_id) values (29, 31, '12/14/2023', 98);
insert into sales (sale_id, customer_id, sale_date, employee_id) values (30, 23, '7/16/2024', 66);
insert into sales (sale_id, customer_id, sale_date, employee_id) values (31, 37, '1/23/2024', 98);
insert into sales (sale_id, customer_id, sale_date, employee_id) values (32, 9, '11/11/2023', 42);
insert into sales (sale_id, customer_id, sale_date, employee_id) values (33, 29, '8/4/2024', 32);
insert into sales (sale_id, customer_id, sale_date, employee_id) values (34, 32, '11/15/2023', 69);
insert into sales (sale_id, customer_id, sale_date, employee_id) values (35, 9, '9/5/2023', 64);
insert into sales (sale_id, customer_id, sale_date, employee_id) values (36, 17, '12/15/2023', 73);
insert into sales (sale_id, customer_id, sale_date, employee_id) values (37, 24, '1/12/2023', 74);
insert into sales (sale_id, customer_id, sale_date, employee_id) values (38, 31, '7/11/2023', 40);
insert into sales (sale_id, customer_id, sale_date, employee_id) values (39, 32, '5/19/2023', 29);
insert into sales (sale_id, customer_id, sale_date, employee_id) values (40, 47, '6/2/2024', 95);
insert into sales (sale_id, customer_id, sale_date, employee_id) values (41, 7, '6/6/2024', 10);
insert into sales (sale_id, customer_id, sale_date, employee_id) values (42, 5, '1/28/2023', 16);
insert into sales (sale_id, customer_id, sale_date, employee_id) values (43, 39, '4/10/2023', 40);
insert into sales (sale_id, customer_id, sale_date, employee_id) values (44, 2, '3/5/2023', 8);
insert into sales (sale_id, customer_id, sale_date, employee_id) values (45, 1, '7/17/2023', 59);
insert into sales (sale_id, customer_id, sale_date, employee_id) values (46, 15, '7/22/2023', 51);
insert into sales (sale_id, customer_id, sale_date, employee_id) values (47, 16, '8/6/2023', 62);
insert into sales (sale_id, customer_id, sale_date, employee_id) values (48, 26, '1/5/2024', 49);
insert into sales (sale_id, customer_id, sale_date, employee_id) values (49, 15, '1/25/2023', 6);
insert into sales (sale_id, customer_id, sale_date, employee_id) values (50, 33, '9/14/2023', 90);

----------------------------------------

insert into employees(employee_id, first_name, last_name, position) values (1, 'Sarita', 'Choulerton', 'Cashier');
insert into employees(employee_id, first_name, last_name, position) values (2, 'Robbi', 'Ingham', 'Cashier');
insert into employees(employee_id, first_name, last_name, position) values (3, 'Georgianna', 'Melia', 'Manager');
insert into employees(employee_id, first_name, last_name, position) values (4, 'Deonne', 'Duchesne', 'Manager');
insert into employees(employee_id, first_name, last_name, position) values (5, 'Randy', 'Stolli', 'Cashier');
insert into employees(employee_id, first_name, last_name, position) values (6, 'Doralin', 'Lantiffe', 'Manager');
insert into employees(employee_id, first_name, last_name, position) values (7, 'Alison', 'Janas', 'Cashier');
insert into employees(employee_id, first_name, last_name, position) values (8, 'Kathlin', 'Hankin', 'Cashier');
insert into employees(employee_id, first_name, last_name, position) values (9, 'Neddie', 'Cresswell', 'Manager');
insert into employees(employee_id, first_name, last_name, position) values (10, 'Kaleena', 'Cardenoso', 'Manager');
insert into employees(employee_id, first_name, last_name, position) values (11, 'Page', 'Fairfull', 'Cashier');
insert into employees(employee_id, first_name, last_name, position) values (12, 'Kristyn', 'Baumann', 'Cashier');
insert into employees(employee_id, first_name, last_name, position) values (13, 'Alexine', 'Slater', 'Manager');
insert into employees(employee_id, first_name, last_name, position) values (14, 'Gage', 'Derby', 'Manager');
insert into employees(employee_id, first_name, last_name, position) values (15, 'Boy', 'Chamberlin', 'Manager');
insert into employees(employee_id, first_name, last_name, position) values (16, 'Erin', 'McTiernan', 'Manager');
insert into employees(employee_id, first_name, last_name, position) values (17, 'Tressa', 'Matthewes', 'Cashier');
insert into employees(employee_id, first_name, last_name, position) values (18, 'Jaine', 'Fysh', 'Cashier');
insert into employees(employee_id, first_name, last_name, position) values (19, 'Waldemar', 'Woodsford', 'Cashier');
insert into employees(employee_id, first_name, last_name, position) values (20, 'Minetta', 'Prantl', 'Manager');
insert into employees(employee_id, first_name, last_name, position) values (21, 'Janaya', 'Ellershaw', 'Manager');
insert into employees(employee_id, first_name, last_name, position) values (22, 'Robinet', 'Boarleyson', 'Manager');
insert into employees(employee_id, first_name, last_name, position) values (23, 'Rozella', 'Ziehm', 'Cashier');
insert into employees(employee_id, first_name, last_name, position) values (24, 'Abdul', 'Lorand', 'Cashier');
insert into employees(employee_id, first_name, last_name, position) values (25, 'Daffy', 'Bartholin', 'Cashier');
insert into employees(employee_id, first_name, last_name, position) values (26, 'Tait', 'Jaray', 'Manager');
insert into employees(employee_id, first_name, last_name, position) values (27, 'Dorey', 'Schermick', 'Manager');
insert into employees(employee_id, first_name, last_name, position) values (28, 'Ailbert', 'Luca', 'Cashier');
insert into employees(employee_id, first_name, last_name, position) values (29, 'Terrill', 'Croad', 'Manager');
insert into employees(employee_id, first_name, last_name, position) values (30, 'Lorettalorna', 'Coomber', 'Manager');
insert into employees(employee_id, first_name, last_name, position) values (31, 'Dodi', 'Slack', 'Manager');
insert into employees(employee_id, first_name, last_name, position) values (32, 'Leeann', 'Yearron', 'Cashier');
insert into employees(employee_id, first_name, last_name, position) values (33, 'Winston', 'Sans', 'Cashier');
insert into employees(employee_id, first_name, last_name, position) values (34, 'Granny', 'Kenafaque', 'Cashier');
insert into employees(employee_id, first_name, last_name, position) values (35, 'Maxy', 'Ren', 'Cashier');
insert into employees(employee_id, first_name, last_name, position) values (36, 'Concettina', 'Soles', 'Cashier');
insert into employees(employee_id, first_name, last_name, position) values (37, 'Yorke', 'Scotts', 'Manager');
insert into employees(employee_id, first_name, last_name, position) values (38, 'Vinny', 'Fitzgerald', 'Manager');
insert into employees(employee_id, first_name, last_name, position) values (39, 'Cristin', 'Eley', 'Manager');
insert into employees(employee_id, first_name, last_name, position) values (40, 'Marlena', 'Casbon', 'Manager');
insert into employees(employee_id, first_name, last_name, position) values (41, 'Xymenes', 'Furnival', 'Pharmacist');
insert into employees(employee_id, first_name, last_name, position) values (42, 'Duncan', 'MacGinlay', 'Cashier');
insert into employees(employee_id, first_name, last_name, position) values (43, 'Thorvald', 'Milkin', 'Cashier');
insert into employees(employee_id, first_name, last_name, position) values (44, 'Felike', 'Cheine', 'Manager');
insert into employees(employee_id, first_name, last_name, position) values (45, 'Rici', 'Bowdrey', 'Pharmacist');
insert into employees(employee_id, first_name, last_name, position) values (46, 'Joana', 'Haywood', 'Pharmacist');
insert into employees(employee_id, first_name, last_name, position) values (47, 'Ringo', 'Hards', 'Manager');
insert into employees(employee_id, first_name, last_name, position) values (48, 'Shelli', 'Spadoni', 'Pharmacist');
insert into employees(employee_id, first_name, last_name, position) values (49, 'Willy', 'Bugdell', 'Cashier');
insert into employees(employee_id, first_name, last_name, position) values (50, 'Baryram', 'Landre', 'Pharmacist');

------------------------

insert into customers (customer_id, first_name, phone, customer_address) values (1, 'Shina', '(244) 8993228', '27659 Arapahoe Pass');
insert into customers (customer_id, first_name, phone, customer_address) values (2, 'Phaidra', '(419) 9198890', '4 8th Junction');
insert into customers (customer_id, first_name, phone, customer_address) values (3, 'Bradly', '(250) 9769727', '35908 Anniversary Road');
insert into customers (customer_id, first_name, phone, customer_address) values (4, 'Harlin', '(424) 9202457', '37642 Utah Road');
insert into customers (customer_id, first_name, phone, customer_address) values (5, 'Madelon', '(313) 6108328', '25 Forest Plaza');
insert into customers (customer_id, first_name, phone, customer_address) values (6, 'Harmonia', '(701) 3398737', '5 Calypso Circle');
insert into customers (customer_id, first_name, phone, customer_address) values (7, 'Jay', '(431) 9870695', '8 Aberg Alley');
insert into customers (customer_id, first_name, phone, customer_address) values (8, 'Libby', '(850) 2075026', '86433 Eggendart Drive');
insert into customers (customer_id, first_name, phone, customer_address) values (9, 'Carline', '(333) 8935414', '4 Declaration Pass');
insert into customers (customer_id, first_name, phone, customer_address) values (10, 'Fredericka', '(116) 4715871', '468 Brentwood Circle');
insert into customers (customer_id, first_name, phone, customer_address) values (11, 'Friedrich', '(899) 8449323', '8941 Sunfield Hill');
insert into customers (customer_id, first_name, phone, customer_address) values (12, 'Nickolaus', '(771) 3505040', '1297 Hanover Avenue');
insert into customers (customer_id, first_name, phone, customer_address) values (13, 'Abdel', '(276) 6905943', '567 Carpenter Drive');
insert into customers (customer_id, first_name, phone, customer_address) values (14, 'Salem', '(402) 9228161', '82100 Lyons Court');
insert into customers (customer_id, first_name, phone, customer_address) values (15, 'Shaun', '(548) 8022419', '95588 Forest Junction');
insert into customers (customer_id, first_name, phone, customer_address) values (16, 'Arlen', '(225) 7303029', '915 Shoshone Pass');
insert into customers (customer_id, first_name, phone, customer_address) values (17, 'Dasha', '(220) 1967890', '3 Prairie Rose Trail');
insert into customers (customer_id, first_name, phone, customer_address) values (18, 'Darcie', '(711) 7084707', '92 Bonner Place');
insert into customers (customer_id, first_name, phone, customer_address) values (19, 'Bastien', '(108) 4340205', '435 Columbus Terrace');
insert into customers (customer_id, first_name, phone, customer_address) values (20, 'Bernadette', '(776) 4758814', '23 Mendota Center');
insert into customers (customer_id, first_name, phone, customer_address) values (21, 'Cherise', '(524) 1063613', '906 Hoffman Parkway');
insert into customers (customer_id, first_name, phone, customer_address) values (22, 'Pavlov', '(116) 4472751', '83701 Rockefeller Terrace');
insert into customers (customer_id, first_name, phone, customer_address) values (23, 'Pietro', '(521) 1789537', '2138 Oxford Drive');
insert into customers (customer_id, first_name, phone, customer_address) values (24, 'Tades', '(113) 9792584', '9753 Westport Hill');
insert into customers (customer_id, first_name, phone, customer_address) values (25, 'Clark', '(268) 6788093', '75 West Terrace');
insert into customers (customer_id, first_name, phone, customer_address) values (26, 'Atalanta', '(317) 9153943', '4216 Sherman Street');
insert into customers (customer_id, first_name, phone, customer_address) values (27, 'Rudolph', '(597) 9102035', '6 Division Terrace');
insert into customers (customer_id, first_name, phone, customer_address) values (28, 'Evy', '(485) 7840529', '52 Longview Alley');
insert into customers (customer_id, first_name, phone, customer_address) values (29, 'Zach', '(182) 9132002', '0284 Transport Street');
insert into customers (customer_id, first_name, phone, customer_address) values (30, 'George', '(541) 2611904', '3 Elmside Center');
insert into customers (customer_id, first_name, phone, customer_address) values (31, 'Amabel', '(113) 6252310', '9 6th Trail');
insert into customers (customer_id, first_name, phone, customer_address) values (32, 'Ely', '(496) 6613548', '2 Park Meadow Parkway');
insert into customers (customer_id, first_name, phone, customer_address) values (33, 'Dorena', '(842) 8320218', '229 Vahlen Hill');
insert into customers (customer_id, first_name, phone, customer_address) values (34, 'Neda', '(669) 1374205', '67 Londonderry Place');
insert into customers (customer_id, first_name, phone, customer_address) values (35, 'Humfried', '(537) 6768907', '1894 Eagan Circle');
insert into customers (customer_id, first_name, phone, customer_address) values (36, 'Shelagh', '(134) 2019469', '67 Mallory Junction');
insert into customers (customer_id, first_name, phone, customer_address) values (37, 'Nert', '(591) 4364712', '91 Sycamore Alley');
insert into customers (customer_id, first_name, phone, customer_address) values (38, 'Mordecai', '(465) 8138877', '90751 Blackbird Park');
insert into customers (customer_id, first_name, phone, customer_address) values (39, 'Lucy', '(677) 9256104', '320 Vera Avenue');
insert into customers (customer_id, first_name, phone, customer_address) values (40, 'Tadd', '(227) 8925090', '39492 Ilene Circle');
insert into customers (customer_id, first_name, phone, customer_address) values (41, 'Idalia', '(725) 9230720', '41 Pierstorff Road');
insert into customers (customer_id, first_name, phone, customer_address) values (42, 'Davey', '(572) 2823638', '050 Carey Street');
insert into customers (customer_id, first_name, phone, customer_address) values (43, 'Cointon', '(784) 9688677', '82 Knutson Hill');
insert into customers (customer_id, first_name, phone, customer_address) values (44, 'Pris', '(225) 4590340', '68220 Oxford Court');
insert into customers (customer_id, first_name, phone, customer_address) values (45, 'Mimi', '(336) 5388871', '8465 Transport Center');
insert into customers (customer_id, first_name, phone, customer_address) values (46, 'Roxana', '(264) 7694718', '6502 Kings Crossing');
insert into customers (customer_id, first_name, phone, customer_address) values (47, 'Mikey', '(821) 6991881', '7793 Hagan Crossing');
insert into customers (customer_id, first_name, phone, customer_address) values (48, 'Marcile', '(553) 9995000', '46 Heffernan Park');
insert into customers (customer_id, first_name, phone, customer_address) values (49, 'Monte', '(357) 2677854', '648 Eggendart Center');
insert into customers (customer_id, first_name, phone, customer_address) values (50, 'Zacharia', '(262) 9375694', '4209 Mockingbird Hill');
